work_year,experience_level,employment_type,job_title,salary,salary_currency,salary_in_usd,employee_residence,remote_ratio,company_location,company_size
2024,MI,FT,Data Scientist,120000,USD,120000,AU,0,AU,S
2024,MI,FT,Data Scientist,70000,USD,70000,AU,0,AU,S
2024,MI,CT,Data Scientist,130000,USD,130000,US,0,US,M
2024,MI,CT,Data Scientist,110000,USD,110000,US,0,US,M
2024,MI,FT,Data Science Manager,240000,USD,240000,US,0,US,M
2024,MI,FT,Data Science Manager,180000,USD,180000,US,0,US,M
2024,SE,FT,Business Intelligence Engineer,202800,USD,202800,US,0,US,M
2024,SE,FT,Business Intelligence Engineer,115000,USD,115000,US,0,US,M
2024,SE,FT,Data Architect,80000,GBP,100000,GB,0,GB,M
2024,SE,FT,Data Architect,45000,GBP,56250,GB,0,GB,M
2024,SE,FT,Data Analyst,90000,CAD,69230,CA,0,CA,M
2024,SE,FT,Data Analyst,75000,CAD,57692,CA,0,CA,M
2024,MI,FT,Data Analyst,112300,USD,112300,US,0,US,M
2024,MI,FT,Data Analyst,75100,USD,75100,US,0,US,M
2024,MI,FT,Business Intelligence,178200,USD,178200,US,0,US,M
2024,MI,FT,Business Intelligence,87000,USD,87000,US,0,US,M
2024,SE,FT,Data Scientist,138000,USD,138000,CA,0,CA,M
2024,SE,FT,Data Scientist,72000,USD,72000,CA,0,CA,M
2024,MI,FT,ML Engineer,252000,USD,252000,US,0,US,M
2024,MI,FT,ML Engineer,168000,USD,168000,US,0,US,M
2024,SE,FT,Data Modeler,140000,USD,140000,US,100,US,M
2024,SE,FT,Data Modeler,130000,USD,130000,US,100,US,M
2024,SE,FT,Machine Learning Engineer,190000,USD,190000,US,0,US,M
2024,SE,FT,Machine Learning Engineer,100000,USD,100000,US,0,US,M
2024,MI,FT,Data Scientist,150650,USD,150650,US,0,US,M
2024,MI,FT,Data Scientist,106700,USD,106700,US,0,US,M
2024,SE,FT,Data Scientist,192300,USD,192300,US,0,US,M
2024,SE,FT,Data Scientist,107900,USD,107900,US,0,US,M
2024,MI,FT,Data Integration Specialist,115000,USD,115000,US,100,US,M
2024,MI,FT,Data Integration Specialist,95500,USD,95500,US,100,US,M
2024,MI,FT,Research Scientist,195000,USD,195000,US,100,US,M
2024,MI,FT,Research Scientist,160000,USD,160000,US,100,US,M
2024,SE,FT,Data Scientist,257600,USD,257600,US,0,US,M
2024,SE,FT,Data Scientist,146000,USD,146000,US,0,US,M
2024,EN,FT,Data Analyst,90000,USD,90000,CA,0,CA,M
2024,EN,FT,Data Analyst,70000,USD,70000,CA,0,CA,M
2024,SE,FT,Machine Learning Engineer,110000,EUR,122222,NL,100,NL,S
2024,SE,FT,Machine Learning Engineer,70000,EUR,77777,NL,100,NL,S
2024,SE,FT,Data Engineer,158200,USD,158200,US,0,US,M
2024,SE,FT,Data Engineer,74100,USD,74100,US,0,US,M
2024,SE,FT,Data Engineer,231400,USD,231400,US,0,US,M
2024,SE,FT,Data Engineer,170955,USD,170955,US,0,US,M
2024,MI,FT,Data Engineer,137000,USD,137000,US,0,US,M
2024,MI,FT,Data Engineer,60300,USD,60300,US,0,US,M
2024,MI,FT,Data Analyst,101098,USD,101098,US,0,US,M
2024,MI,FT,Data Analyst,59469,USD,59469,US,0,US,M
2024,MI,FT,Data Product Manager,166363,USD,166363,US,0,US,M
2024,MI,FT,Data Product Manager,103977,USD,103977,US,0,US,M
2024,SE,FT,Data Manager,166000,USD,166000,US,0,US,M
2024,SE,FT,Data Manager,104000,USD,104000,US,0,US,M
2024,SE,FT,Research Scientist,170400,USD,170400,US,0,US,M
2024,SE,FT,Research Scientist,123800,USD,123800,US,0,US,M
2024,MI,FT,Data Visualization Specialist,94763,USD,94763,US,100,US,M
2024,MI,FT,Data Visualization Specialist,67750,USD,67750,US,100,US,M
2024,SE,FT,Machine Learning Engineer,251250,USD,251250,US,0,US,M
2024,SE,FT,Machine Learning Engineer,120750,USD,120750,US,0,US,M
2024,MI,FT,Data Analyst,30000,EUR,33333,LT,0,LT,M
2024,MI,FT,Data Analyst,25800,EUR,28666,LT,0,LT,M
2024,SE,FT,Data Scientist,189615,USD,189615,US,0,US,M
2024,SE,FT,Data Scientist,150385,USD,150385,US,0,US,M
2024,SE,FT,Data Science,283800,USD,283800,US,0,US,M
2024,SE,FT,Data Science,234700,USD,234700,US,0,US,M
2024,MI,FT,Data Scientist,109000,USD,109000,US,100,US,M
2024,MI,FT,Data Scientist,93000,USD,93000,US,100,US,M
2024,MI,FT,Data Scientist,164000,USD,164000,US,0,US,M
2024,MI,FT,Data Scientist,131000,USD,131000,US,0,US,M
2024,MI,FT,Data Specialist,45607,GBP,57008,GB,0,GB,M
2024,MI,FT,Data Specialist,30921,GBP,38651,GB,0,GB,M
2024,MI,FT,Data Analyst,55000,GBP,68750,GB,100,GB,M
2024,MI,FT,Data Analyst,45000,GBP,56250,GB,100,GB,M
2024,SE,FT,Business Intelligence Lead,144300,USD,144300,US,0,US,M
2024,SE,FT,Business Intelligence Lead,104800,USD,104800,US,0,US,M
2024,SE,FT,Data Engineer,212750,USD,212750,US,0,US,M
2024,SE,FT,Data Engineer,157250,USD,157250,US,0,US,M
2024,EN,FT,Data Analyst,150000,USD,150000,US,100,US,M
2024,EN,FT,Data Analyst,129200,USD,129200,US,100,US,M
2024,SE,FT,Machine Learning Engineer,265000,USD,265000,US,0,US,M
2024,SE,FT,Machine Learning Engineer,170000,USD,170000,US,0,US,M
2024,SE,FT,Data Scientist,190000,USD,190000,US,100,US,M
2024,SE,FT,Data Scientist,155000,USD,155000,US,100,US,M
2024,SE,FT,Data Engineer,165000,USD,165000,US,100,US,M
2024,SE,FT,Data Engineer,100000,USD,100000,US,100,US,M
2024,MI,FT,Data Engineer,213900,USD,213900,US,100,US,M
2024,MI,FT,Data Engineer,126500,USD,126500,US,100,US,M
2024,SE,FT,Research Analyst,130000,USD,130000,US,0,US,M
2024,SE,FT,Research Analyst,104000,USD,104000,US,0,US,M
2024,SE,FT,Machine Learning Engineer,225000,USD,225000,US,100,US,M
2024,SE,FT,Machine Learning Engineer,66000,USD,66000,US,100,US,M
2024,SE,FT,ML Engineer,220000,USD,220000,US,0,US,M
2024,MI,FT,Business Intelligence Analyst,110000,USD,110000,US,0,US,M
2024,MI,FT,Business Intelligence Analyst,85000,USD,85000,US,0,US,M
2024,SE,FT,Machine Learning Engineer,282000,USD,282000,US,100,US,M
2024,SE,FT,Machine Learning Engineer,188000,USD,188000,US,100,US,M
2024,EX,FT,Data Science,219650,USD,219650,US,100,US,M
2024,EX,FT,Data Science,136000,USD,136000,US,100,US,M
2024,SE,FT,Data Science,210850,USD,210850,US,0,US,M
2024,SE,FT,Data Science,145400,USD,145400,US,0,US,M
2024,MI,FT,Data Analyst,143800,USD,143800,US,100,US,M
2024,MI,FT,Data Analyst,106300,USD,106300,US,100,US,M
2024,MI,FT,AI Engineer,150000,USD,150000,US,100,US,M
2024,MI,FT,AI Engineer,90200,USD,90200,US,100,US,M
2024,MI,FT,Data Engineer,140000,USD,140000,US,0,US,M
2024,MI,FT,Data Engineer,110000,USD,110000,US,0,US,M
2024,SE,FT,Data Analyst,140000,USD,140000,US,100,US,M
2024,SE,FT,Data Analyst,120000,USD,120000,US,100,US,M
2024,EN,PT,AI Software Engineer,800000,DKK,117647,DK,0,DK,S
2024,MI,PT,Research Scientist,138000,USD,138000,US,0,US,M
2024,MI,PT,Research Scientist,86000,USD,86000,US,0,US,M
2024,MI,FT,Data Scientist,199700,USD,199700,US,0,US,M
2024,MI,FT,Data Scientist,70800,USD,70800,US,0,US,M
2024,SE,FT,Research Analyst,175000,USD,175000,US,0,US,M
2024,SE,FT,Research Analyst,130000,USD,130000,US,0,US,M
2024,SE,FT,Data Architect,169847,USD,169847,US,100,US,M
2024,SE,FT,Data Architect,131631,USD,131631,US,100,US,M
2024,SE,FT,Machine Learning Scientist,277000,USD,277000,US,0,US,M
2024,SE,FT,Machine Learning Scientist,173000,USD,173000,US,0,US,M
2024,SE,FT,Machine Learning Engineer,264500,USD,264500,US,100,US,M
2024,SE,FT,Machine Learning Engineer,165600,USD,165600,US,100,US,M
2024,SE,FT,Business Intelligence,194000,USD,194000,US,100,US,M
2024,SE,FT,Business Intelligence,168000,USD,168000,US,100,US,M
2024,MI,FT,Data Engineer,90000,USD,90000,US,0,US,M
2024,MI,FT,Data Engineer,70000,USD,70000,US,0,US,M
2024,EN,FT,Data Scientist,137000,USD,137000,US,0,US,M
2024,EN,FT,Data Scientist,60400,USD,60400,US,0,US,M
2024,EX,FT,Data Science,197689,USD,197689,US,0,US,M
2024,EX,FT,Data Science,152311,USD,152311,US,0,US,M
2024,EX,FT,Research Analyst,209500,USD,209500,US,0,US,M
2024,EX,FT,Research Analyst,147500,USD,147500,US,0,US,M
2024,SE,FT,Data Engineer,170000,USD,170000,US,100,US,M
2024,SE,FT,Data Engineer,146000,USD,146000,US,100,US,M
2024,SE,FT,Machine Learning Engineer,220600,USD,220600,US,0,US,M
2024,SE,FT,Machine Learning Engineer,140100,USD,140100,US,0,US,M
2024,SE,FT,AI Engineer,236872,USD,236872,US,0,US,M
2024,SE,FT,AI Engineer,148045,USD,148045,US,0,US,M
2024,MI,FT,Data Science Engineer,143896,USD,143896,US,0,US,M
2024,MI,FT,Data Science Engineer,99208,USD,99208,US,0,US,M
2024,SE,FT,Applied Scientist,250000,USD,250000,US,0,US,M
2024,SE,FT,Applied Scientist,160000,USD,160000,US,0,US,M
2024,SE,FT,ML Engineer,200000,USD,200000,US,0,US,M
2024,SE,FT,ML Engineer,25000,USD,25000,US,0,US,M
2024,SE,FT,Data Engineer,137500,USD,137500,US,0,US,M
2024,SE,FT,Data Engineer,81500,USD,81500,US,0,US,M
2024,EX,FT,Data Science,209700,USD,209700,US,0,US,M
2024,EX,FT,Data Science,161300,USD,161300,US,0,US,M
2024,SE,FT,Data Scientist,249000,USD,249000,US,0,US,M
2024,SE,FT,Data Scientist,216000,USD,216000,US,0,US,M
2024,SE,FT,Data Engineer,170040,USD,170040,US,0,US,M
2024,SE,FT,Data Specialist,41418,GBP,51772,GB,0,GB,M
2024,SE,FT,Data Specialist,38223,GBP,47778,GB,0,GB,M
2024,SE,FT,Data Manager,166000,USD,166000,US,0,US,M
2024,SE,FT,Data Manager,104000,USD,104000,US,0,US,M
2024,EN,FT,Data Analyst,97000,USD,97000,US,0,US,M
2024,EN,FT,Data Analyst,62000,USD,62000,US,0,US,M
2024,MI,FT,Machine Learning Scientist,176000,USD,176000,US,0,US,M
2024,MI,FT,Machine Learning Scientist,72700,USD,72700,US,0,US,M
2024,MI,FT,Data Science,33966,GBP,42457,ZA,0,ZA,M
2024,MI,FT,Data Science,31396,GBP,39245,ZA,0,ZA,M
2024,EN,FT,Research Scientist,170500,USD,170500,US,100,US,M
2024,EN,FT,Research Scientist,123200,USD,123200,US,100,US,M
2024,SE,FT,Machine Learning Engineer,296400,USD,296400,US,0,US,M
2024,SE,FT,Machine Learning Engineer,159600,USD,159600,US,0,US,M
2024,SE,FT,Applied Scientist,158200,USD,158200,US,0,US,M
2024,SE,FT,Applied Scientist,79000,USD,79000,US,0,US,M
2024,SE,FT,Data Scientist,153000,USD,153000,NZ,0,NZ,M
2024,SE,FT,Data Scientist,135000,USD,135000,NZ,0,NZ,M
2024,MI,FT,Data Scientist,145000,USD,145000,US,0,US,M
2024,MI,FT,Data Scientist,125000,USD,125000,US,0,US,M
2024,EX,FT,Head of Data,230000,USD,230000,US,100,US,M
2024,EX,FT,Head of Data,200000,USD,200000,US,100,US,M
2024,SE,FT,Machine Learning Engineer,278000,USD,278000,US,0,US,M
2024,SE,FT,Machine Learning Engineer,196000,USD,196000,US,0,US,M
2024,SE,FT,Data Engineer,140000,USD,140000,US,100,US,M
2024,SE,FT,Data Engineer,100000,USD,100000,US,100,US,M
2024,MI,FT,Data Scientist,45000,USD,45000,AR,100,AR,M
2024,MI,FT,Data Scientist,30000,USD,30000,AR,100,AR,M
2024,SE,FT,Data Scientist,218000,USD,218000,US,0,US,M
2024,SE,FT,Data Scientist,145000,USD,145000,US,0,US,M
2024,SE,FT,Data Analyst,100000,USD,100000,US,0,US,M
2024,SE,FT,Data Analyst,86220,USD,86220,US,0,US,M
2024,MI,FT,Data Engineer,190000,USD,190000,US,0,US,M
2024,MI,FT,Data Engineer,150000,USD,150000,US,0,US,M
2024,MI,FT,Business Intelligence,110000,USD,110000,US,0,US,M
2024,MI,FT,Business Intelligence,95000,USD,95000,US,0,US,M
2024,SE,FT,Data Science,110000,USD,110000,US,0,US,M
2024,SE,FT,Data Science,90000,USD,90000,US,0,US,M
2024,MI,FT,Data Engineer,140000,USD,140000,US,0,US,M
2024,MI,FT,Data Engineer,110000,USD,110000,US,0,US,M
2024,MI,FT,Data Analyst,80000,USD,80000,US,100,US,M
2024,MI,FT,Data Analyst,50000,USD,50000,US,100,US,M
2024,SE,FT,Data Analyst,180000,USD,180000,US,100,US,M
2024,SE,FT,Data Analyst,130000,USD,130000,US,100,US,M
2024,SE,FT,Data Engineer,200000,USD,200000,US,0,US,M
2024,SE,FT,Data Engineer,147000,USD,147000,US,0,US,M
2024,SE,FT,Data Analyst,148000,USD,148000,US,0,US,M
2024,SE,FT,Data Analyst,125000,USD,125000,US,0,US,M
2024,SE,FT,Data Scientist,150000,USD,150000,US,0,US,M
2024,SE,FT,Data Scientist,110000,USD,110000,US,0,US,M
2024,SE,FT,Data Analyst,245400,USD,245400,US,100,US,M
2024,SE,FT,Data Analyst,135800,USD,135800,US,100,US,M
2024,EX,FT,Business Intelligence,200000,USD,200000,US,0,US,M
2024,EX,FT,Business Intelligence,175000,USD,175000,US,0,US,M
2024,SE,FT,Applied Scientist,249700,USD,249700,US,100,US,M
2024,SE,FT,Applied Scientist,156300,USD,156300,US,100,US,M
2024,SE,FT,Data Architect,190000,USD,190000,US,100,US,M
2024,SE,FT,Data Architect,140000,USD,140000,US,100,US,M
2024,SE,FT,Machine Learning Engineer,370000,USD,370000,US,0,US,M
2024,SE,FT,Machine Learning Engineer,220000,USD,220000,US,0,US,M
2024,EN,FT,Data Engineer,35000,EUR,38888,ES,0,ES,M
2024,EN,FT,Data Engineer,27000,EUR,30000,ES,0,ES,M
2024,SE,FT,Machine Learning Engineer,280000,USD,280000,US,100,US,M
2024,SE,FT,Machine Learning Engineer,184000,USD,184000,US,100,US,M
2024,MI,FT,Data Analyst,174000,USD,174000,US,0,US,M
2024,MI,FT,Data Analyst,132000,USD,132000,US,0,US,M
2024,SE,FT,Analytics Engineer,720000,USD,720000,US,0,US,M
2024,SE,FT,Analytics Engineer,170000,USD,170000,US,0,US,M
2024,SE,FT,Machine Learning Engineer,200000,USD,200000,US,0,US,M
2024,SE,FT,Machine Learning Engineer,160000,USD,160000,US,0,US,M
2024,SE,FT,Data Scientist,150000,USD,150000,US,0,US,M
2024,SE,FT,Data Scientist,111000,USD,111000,US,0,US,M
2024,SE,FT,Machine Learning Engineer,280000,USD,280000,US,100,US,M
2024,SE,FT,Machine Learning Engineer,184000,USD,184000,US,100,US,M
2024,SE,FT,Machine Learning Engineer,302900,USD,302900,US,0,US,M
2024,SE,FT,Machine Learning Engineer,302900,USD,302900,US,0,US,M
2024,MI,FT,Data Engineer,179500,USD,179500,US,0,US,M
2024,MI,FT,Data Engineer,149500,USD,149500,US,0,US,M
2024,SE,FT,Data Architect,238000,USD,238000,US,100,US,M
2024,SE,FT,Data Architect,149000,USD,149000,US,100,US,M
2024,SE,FT,Data Scientist,190000,USD,190000,US,0,US,M
2024,SE,FT,Data Scientist,148000,USD,148000,US,0,US,M
2024,SE,FT,Data Modeler,162225,USD,162225,US,0,US,M
2024,SE,FT,Data Modeler,139050,USD,139050,US,0,US,M
2024,SE,FT,Data Engineer,190000,USD,190000,US,100,US,M
2024,SE,FT,Data Engineer,105301,USD,105301,US,100,US,M
2024,SE,FT,Data Scientist,180000,USD,180000,US,0,US,M
2024,SE,FT,Data Scientist,139000,USD,139000,US,0,US,M
2024,SE,FT,Data Analyst,50000,GBP,62500,GB,0,GB,M
2024,SE,FT,Data Analyst,44000,GBP,55000,GB,0,GB,M
2024,SE,FT,Machine Learning Engineer,252000,USD,252000,US,0,US,M
2024,SE,FT,Machine Learning Engineer,168000,USD,168000,US,0,US,M
2024,MI,FT,Data Engineer,85000,USD,85000,US,0,US,M
2024,MI,FT,Data Engineer,74880,USD,74880,US,0,US,M
2024,SE,FT,Machine Learning Engineer,260000,USD,260000,US,0,US,M
2024,SE,FT,Machine Learning Engineer,160000,USD,160000,US,0,US,M
2024,SE,FT,Data Engineer,190000,USD,190000,US,100,US,M
2024,SE,FT,Data Engineer,150000,USD,150000,US,100,US,M
2024,MI,FT,Research Engineer,234000,USD,234000,US,0,US,M
2024,MI,FT,Research Engineer,176000,USD,176000,US,0,US,M
2023,MI,FT,Machine Learning Engineer,100000,USD,100000,US,0,US,M
2023,SE,FT,Data Scientist,160000,USD,160000,US,0,US,M
2023,SE,FT,Data Scientist,140000,USD,140000,US,0,US,M
2023,SE,FT,Data Engineer,247300,USD,247300,US,0,US,M
2023,SE,FT,Data Engineer,139700,USD,139700,US,0,US,M
2023,SE,FT,Data Analyst,192000,USD,192000,US,100,US,M
2023,SE,FT,Data Analyst,138240,USD,138240,US,100,US,M
2023,SE,FT,Data Scientist,170000,USD,170000,US,0,US,M
2023,SE,FT,Data Scientist,130000,USD,130000,US,0,US,M
2023,SE,FT,Data Architect,100000,USD,100000,US,100,US,M
2023,SE,FT,Data Architect,90000,USD,90000,US,100,US,M
2023,SE,FT,Data Analyst,170000,USD,170000,US,100,US,M
2023,SE,FT,Data Analyst,130000,USD,130000,US,100,US,M
2023,MI,FT,Data Engineer,186000,USD,186000,US,0,US,M
2023,MI,FT,Data Engineer,81800,USD,81800,US,0,US,M
2023,SE,FT,Data Engineer,180514,USD,180514,GB,100,GB,M
2023,SE,FT,Data Engineer,108308,USD,108308,GB,100,GB,M
2023,SE,FT,Data Engineer,166000,USD,166000,US,0,US,M
2023,SE,FT,Data Engineer,73100,USD,73100,US,0,US,M
2023,MI,FT,Data Analyst,115950,USD,115950,US,0,US,M
2023,MI,FT,Data Analyst,69570,USD,69570,US,0,US,M
2023,SE,FT,Data Science,142300,USD,142300,US,0,US,M
2023,SE,FT,Data Science,71200,USD,71200,US,0,US,M
2023,MI,FT,Data Science,179000,USD,179000,US,0,US,M
2023,MI,FT,Data Science,106500,USD,106500,US,0,US,M
2023,SE,FT,Data Analyst,119200,USD,119200,US,100,US,M
2023,SE,FT,Data Analyst,86600,USD,86600,US,100,US,M
2023,SE,FT,Data Engineer,140544,USD,140544,US,100,US,M
2023,SE,FT,Data Engineer,82673,USD,82673,US,100,US,M
2023,SE,FT,Business Intelligence Engineer,108350,USD,108350,US,0,US,M
2023,SE,FT,Business Intelligence Engineer,78800,USD,78800,US,0,US,M
2023,SE,FT,Data Engineer,162540,USD,162540,US,0,US,M
2023,SE,FT,Data Engineer,87570,USD,87570,US,0,US,M
2023,SE,FT,Data Architect,213600,USD,213600,US,0,US,M
2023,SE,FT,Data Architect,103200,USD,103200,US,0,US,M
2023,MI,FT,Data Engineer,140000,USD,140000,US,0,US,M
2023,MI,FT,Data Engineer,90000,USD,90000,US,0,US,M
2023,MI,FT,Data Scientist,212000,USD,212000,US,0,US,M
2023,MI,FT,Data Scientist,93300,USD,93300,US,0,US,M
2023,MI,FT,Applied Scientist,222200,USD,222200,US,0,US,L
2023,MI,FT,Applied Scientist,136000,USD,136000,US,0,US,L
2023,MI,FT,Data Scientist,157000,USD,157000,US,100,US,M
2023,MI,FT,Data Scientist,144000,USD,144000,US,100,US,M
2023,SE,FT,Data Engineer,210000,USD,210000,CA,100,CA,M
2023,SE,FT,Data Engineer,160000,USD,160000,CA,100,CA,M
2023,SE,FT,Data Scientist,179000,USD,179000,US,0,US,M
2023,SE,FT,Data Scientist,112000,USD,112000,US,0,US,M
2023,SE,FT,Analytics Engineer,221300,USD,221300,US,100,US,M
2023,SE,FT,Analytics Engineer,147500,USD,147500,US,100,US,M
2023,SE,FT,Data Engineer,179000,USD,179000,US,0,US,M
2023,SE,FT,Data Engineer,112000,USD,112000,US,0,US,M
2023,SE,FT,Data Science Consultant,116000,USD,116000,US,0,US,M
2023,SE,FT,Data Science Consultant,90000,USD,90000,US,0,US,M
2023,MI,FT,Applied Scientist,222200,USD,222200,US,0,US,L
2023,MI,FT,Applied Scientist,136000,USD,136000,US,0,US,L
2023,MI,FT,Data Engineer,130400,USD,130400,US,0,US,M
2023,MI,FT,Data Engineer,74500,USD,74500,US,0,US,M
2023,SE,FT,Machine Learning Engineer,207700,USD,207700,CA,0,CA,M
2023,SE,FT,Machine Learning Engineer,133700,USD,133700,CA,0,CA,M
2023,SE,FT,Data Analyst,120000,USD,120000,US,0,US,M
2023,SE,FT,Data Analyst,100000,USD,100000,US,0,US,M
2023,SE,FT,Machine Learning Engineer,247500,USD,247500,US,0,US,M
2023,SE,FT,Machine Learning Engineer,172200,USD,172200,US,0,US,M
2023,MI,FT,Data Engineer,179000,USD,179000,US,0,US,M
2023,MI,FT,Data Engineer,112000,USD,112000,US,0,US,M
2023,MI,FT,Data Modeler,140000,USD,140000,US,0,US,M
2023,MI,FT,Data Modeler,90000,USD,90000,US,0,US,M
2023,SE,FT,Research Scientist,260000,USD,260000,US,0,US,M
2023,SE,FT,Research Scientist,230000,USD,230000,US,0,US,M
2023,SE,FT,Data Modeler,130000,USD,130000,US,100,US,M
2023,SE,FT,Data Modeler,110000,USD,110000,US,100,US,M
2023,MI,FT,Data Scientist,110000,USD,110000,US,0,US,M
2023,MI,FT,Data Scientist,90000,USD,90000,US,0,US,M
2023,MI,FT,Data Scientist,310000,USD,310000,US,0,US,M
2023,MI,FT,Data Scientist,245000,USD,245000,US,0,US,M
2023,MI,FT,Research Scientist,210000,USD,210000,US,0,US,M
2023,MI,FT,Research Scientist,160000,USD,160000,US,0,US,M
2023,MI,FT,Data Specialist,85000,USD,85000,US,0,US,M
2023,MI,FT,Data Specialist,75000,USD,75000,US,0,US,M
2023,SE,FT,Machine Learning Engineer,280000,USD,280000,US,0,US,M
2023,SE,FT,Machine Learning Engineer,196000,USD,196000,US,0,US,M
2023,MI,FT,Machine Learning Engineer,212000,USD,212000,US,0,US,M
2023,MI,FT,Machine Learning Engineer,93300,USD,93300,US,0,US,M
2023,SE,FT,Data Science,230000,USD,230000,US,100,US,M
2023,SE,FT,Data Science,115000,USD,115000,US,100,US,M
2023,MI,FT,Data Scientist,75000,USD,75000,US,0,US,M
2023,MI,FT,Data Scientist,70000,USD,70000,US,0,US,M
2023,SE,FT,Machine Learning Scientist,233500,USD,233500,US,0,US,M
2023,SE,FT,Machine Learning Scientist,137500,USD,137500,US,0,US,M
2023,MI,FT,Data Scientist,166000,USD,166000,US,0,US,M
2023,MI,FT,Data Scientist,73100,USD,73100,US,0,US,M
2023,SE,FT,Data Science,176875,USD,176875,US,0,US,M
2023,SE,FT,Data Science,84750,USD,84750,US,0,US,M
2023,SE,FT,Data Engineer,251250,USD,251250,US,0,US,M
2023,SE,FT,Data Engineer,120750,USD,120750,US,0,US,M
2023,MI,FT,Data Engineer,106050,USD,106050,US,0,US,M
2023,MI,FT,Data Engineer,80420,USD,80420,US,0,US,M
2023,MI,FT,Data Scientist,120000,USD,120000,US,0,US,M
2023,MI,FT,Data Scientist,90000,USD,90000,US,0,US,M
2023,MI,FT,Data Scientist,147400,USD,147400,US,0,US,M
2023,MI,FT,Data Scientist,107682,USD,107682,US,0,US,M
2023,SE,FT,Data Analyst,145000,USD,145000,US,100,US,M
2023,SE,FT,Data Analyst,95000,USD,95000,US,100,US,M
2023,EN,FT,Research Analyst,80000,USD,80000,US,0,US,M
2023,EN,FT,Research Analyst,50000,USD,50000,US,0,US,M
2023,SE,FT,Data Product Manager,175000,USD,175000,US,100,US,M
2023,SE,FT,Data Product Manager,150000,USD,150000,US,100,US,M
2023,EN,FT,Data Scientist,26800,GBP,32974,GB,0,GB,M
2023,EN,FT,Data Scientist,26800,GBP,32974,GB,0,GB,M
2023,SE,FT,Data Architect,178600,USD,178600,US,0,US,M
2023,SE,FT,Data Architect,67200,USD,67200,US,0,US,M
2023,EN,FT,Data Analyst,118750,USD,118750,US,0,US,M
2023,EN,FT,Data Analyst,106875,USD,106875,US,0,US,M
2023,SE,FT,Data Engineer,186000,USD,186000,US,0,US,M
2023,SE,FT,Data Engineer,81800,USD,81800,US,0,US,M
2023,MI,FT,Data Analyst,142000,USD,142000,US,0,US,M
2023,MI,FT,Data Analyst,128000,USD,128000,US,0,US,M
2023,SE,FT,Data Analyst,140130,USD,140130,US,0,US,M
2023,SE,FT,Data Analyst,84870,USD,84870,US,0,US,M
2023,SE,FT,Machine Learning Engineer,262000,USD,262000,US,0,US,M
2023,SE,FT,Machine Learning Engineer,186000,USD,186000,US,0,US,M
2023,SE,FT,Research Scientist,247600,USD,247600,US,0,US,L
2023,SE,FT,Research Scientist,127300,USD,127300,US,0,US,L
2023,MI,FT,Data Analyst,85000,USD,85000,US,0,US,M
2023,MI,FT,Data Analyst,58500,USD,58500,US,0,US,M
2023,EN,FT,Data Analyst,48000,GBP,59059,US,0,US,M
2023,EN,FT,Data Analyst,39000,GBP,47985,US,0,US,M
2023,SE,FT,Data Analyst,93918,USD,93918,US,0,US,M
2023,SE,FT,Data Analyst,51962,USD,51962,US,0,US,M
2023,MI,FT,Business Intelligence Manager,120000,USD,120000,US,0,US,M
2023,MI,FT,Business Intelligence Manager,100000,USD,100000,US,0,US,M
2023,SE,FT,Data Scientist,205670,USD,205670,NZ,0,NZ,M
2023,SE,FT,Data Scientist,124233,USD,124233,NZ,0,NZ,M
2023,SE,FT,Data Engineer,173000,USD,173000,US,0,US,M
2023,SE,FT,Data Engineer,140000,USD,140000,US,0,US,M
2023,SE,FT,ML Engineer,291500,USD,291500,US,0,US,M
2023,SE,FT,ML Engineer,180200,USD,180200,US,0,US,M
2023,EN,FT,Data Analyst,23000,GBP,28299,GB,0,GB,M
2023,EN,FT,Data Analyst,23000,GBP,28299,GB,0,GB,M
2023,SE,FT,Data Scientist,185000,USD,185000,CA,0,CA,M
2023,SE,FT,Data Scientist,152000,USD,152000,CA,0,CA,M
2023,SE,FT,Machine Learning Engineer,255800,USD,255800,US,0,US,M
2023,SE,FT,Machine Learning Engineer,170600,USD,170600,US,0,US,M
2023,SE,FT,Data Engineer,146850,USD,146850,US,0,US,M
2023,SE,FT,Data Engineer,106800,USD,106800,US,0,US,M
2023,MI,FT,Data Engineer,200000,USD,200000,US,0,US,M
2023,MI,FT,Data Engineer,117000,USD,117000,US,0,US,M
2023,MI,FT,Data Manager,151700,USD,151700,US,0,US,L
2023,MI,FT,Data Manager,63000,USD,63000,US,0,US,L
2023,EN,FT,Analytics Engineer,43000,USD,43000,HU,0,HU,L
2023,SE,FT,Data Scientist,239900,USD,239900,US,100,US,M
2023,SE,FT,Data Scientist,159900,USD,159900,US,100,US,M
2023,EN,FT,Data Analyst,162240,USD,162240,US,0,US,M
2023,EN,FT,Data Analyst,47840,USD,47840,US,0,US,M
2023,SE,FT,Data Engineer,130410,USD,130410,US,0,US,M
2023,SE,FT,Data Engineer,92000,USD,92000,US,0,US,M
2023,SE,FT,Data Science,270250,USD,270250,US,0,US,M
2023,SE,FT,Data Science,144000,USD,144000,US,0,US,M
2023,SE,FT,Business Intelligence Analyst,176875,USD,176875,US,0,US,M
2023,SE,FT,Business Intelligence Analyst,84750,USD,84750,US,0,US,M
2023,MI,FT,Data Analyst,92000,USD,92000,US,0,US,M
2023,MI,FT,Data Analyst,69000,USD,69000,US,0,US,M
2023,SE,FT,Research Engineer,184800,USD,184800,US,0,US,M
2023,SE,FT,Research Engineer,107100,USD,107100,US,0,US,M
2023,SE,FT,Data Engineer,130410,USD,130410,US,0,US,M
2023,SE,FT,Data Engineer,92000,USD,92000,US,0,US,M
2023,SE,FT,Data Engineer,333500,USD,333500,US,0,US,M
2023,SE,FT,Data Engineer,176000,USD,176000,US,0,US,M
2023,SE,FT,Applied Scientist,257400,USD,257400,US,0,US,M
2023,SE,FT,Applied Scientist,138600,USD,138600,US,0,US,M
2023,MI,FT,Data Analytics Manager,242100,USD,242100,US,0,US,M
2023,MI,FT,Data Analytics Manager,116200,USD,116200,US,0,US,M
2023,SE,FT,Research Analyst,230000,USD,230000,US,0,US,M
2023,SE,FT,Research Analyst,210000,USD,210000,US,0,US,M
2023,SE,FT,Data Engineer,114300,USD,114300,US,0,US,M
2023,SE,FT,Data Engineer,89600,USD,89600,US,0,US,M
2023,EN,FT,Business Intelligence Analyst,85000,USD,85000,US,0,US,M
2023,EN,FT,Business Intelligence Analyst,65000,USD,65000,US,0,US,M
2023,SE,FT,Machine Learning Engineer,266875,USD,266875,US,0,US,M
2023,SE,FT,Machine Learning Engineer,128250,USD,128250,US,0,US,M
2023,MI,FT,Data Science,280000,USD,280000,US,0,US,M
2023,MI,FT,Data Science,200000,USD,200000,US,0,US,M
2023,MI,FT,Data Engineer,180000,USD,180000,US,0,US,M
2023,MI,FT,Data Engineer,130000,USD,130000,US,0,US,M
2023,SE,FT,Data Engineer,178492,USD,178492,US,100,US,M
2023,SE,FT,Data Engineer,89246,USD,89246,US,100,US,M
2023,SE,FT,Data Engineer,245000,USD,245000,US,100,US,M
2023,SE,FT,Data Engineer,150000,USD,150000,US,100,US,M
2023,SE,FT,Analytics Engineer,155000,USD,155000,US,0,US,M
2023,SE,FT,Analytics Engineer,145000,USD,145000,US,0,US,M
2023,SE,FT,Machine Learning Engineer,165000,USD,165000,US,100,US,M
2023,SE,FT,Machine Learning Engineer,130000,USD,130000,US,100,US,M
2023,SE,FT,Research Scientist,247600,USD,247600,US,0,US,L
2023,SE,FT,Research Scientist,127300,USD,127300,US,0,US,L
2023,SE,FT,Data Scientist,280889,USD,280889,US,0,US,M
2023,SE,FT,Data Scientist,187259,USD,187259,US,0,US,M
2023,MI,FT,Business Intelligence Analyst,130000,USD,130000,US,100,US,M
2023,MI,FT,Business Intelligence Analyst,120000,USD,120000,US,100,US,M
2023,MI,FT,Data Engineer,140000,USD,140000,US,0,US,M
2023,MI,FT,Data Engineer,65000,USD,65000,US,0,US,M
2023,SE,FT,Data Scientist,258700,USD,258700,US,0,US,M
2023,SE,FT,Data Scientist,160000,USD,160000,US,0,US,M
2023,SE,FT,Data Scientist,258700,USD,258700,US,0,US,M
2023,SE,FT,Data Scientist,188200,USD,188200,US,0,US,M
2023,MI,FT,Data Engineer,40000,GBP,49216,GB,0,GB,M
2023,MI,FT,Data Engineer,40000,GBP,49216,GB,0,GB,M
2023,MI,FT,Data Engineer,110000,USD,110000,US,0,US,M
2023,MI,FT,Data Engineer,73400,USD,73400,US,0,US,M
2023,SE,FT,Data Engineer,183414,USD,183414,US,0,US,M
2023,SE,FT,Data Engineer,183414,USD,183414,US,0,US,M
2023,SE,FT,Data Engineer,130000,USD,130000,US,0,US,M
2023,SE,FT,Data Engineer,97200,USD,97200,US,0,US,M
2023,SE,FT,Machine Learning Engineer,299000,USD,299000,US,0,US,M
2023,SE,FT,Machine Learning Engineer,187000,USD,187000,US,0,US,M
2023,SE,FT,Machine Learning Engineer,204500,USD,204500,US,0,US,M
2023,SE,FT,Machine Learning Engineer,66000,USD,66000,US,0,US,M
2023,SE,FT,Machine Learning Engineer,190000,USD,190000,US,100,US,M
2023,SE,FT,Machine Learning Engineer,140000,USD,140000,US,100,US,M
2023,MI,FT,Data Engineer,170200,USD,170200,US,0,US,M
2023,MI,FT,Data Engineer,83900,USD,83900,US,0,US,M
2023,SE,FT,Data Engineer,130000,USD,130000,US,100,US,M
2023,SE,FT,Data Engineer,101570,USD,101570,US,100,US,M
2023,SE,FT,Data Analyst,177000,USD,177000,US,100,US,M
2023,SE,FT,Data Analyst,118000,USD,118000,US,100,US,M
2023,SE,FT,Machine Learning Engineer,234500,USD,234500,US,0,US,M
2023,SE,FT,Machine Learning Engineer,127000,USD,127000,US,0,US,M
2023,SE,FT,ML Engineer,170000,AUD,114979,AU,100,AU,L
2023,SE,FT,Data Scientist,287500,USD,287500,US,0,US,M
2023,SE,FT,Data Scientist,168000,USD,168000,US,0,US,M
2023,SE,FT,Data Engineer,155000,USD,155000,US,0,US,M
2023,SE,FT,Data Engineer,140000,USD,140000,US,0,US,M
2023,EX,FT,Data Lead,230000,USD,230000,US,0,US,M
2023,EX,FT,Data Lead,180000,USD,180000,US,0,US,M
2023,SE,FT,Data Scientist,153000,USD,153000,US,0,US,M
2023,SE,FT,Data Scientist,136000,USD,136000,US,0,US,M
2023,SE,FT,Data Analyst,93918,USD,93918,US,0,US,M
2023,SE,FT,Data Analyst,51962,USD,51962,US,0,US,M
2023,SE,FT,Machine Learning Engineer,254000,USD,254000,US,0,US,M
2023,SE,FT,Machine Learning Engineer,200000,USD,200000,US,0,US,M
2023,SE,FT,Data Engineer,214500,USD,214500,US,0,US,M
2023,SE,FT,Data Engineer,134500,USD,134500,US,0,US,M
2023,SE,FT,Data Scientist,136000,USD,136000,US,100,US,M
2023,SE,FT,Data Scientist,104000,USD,104000,US,100,US,M
2023,MI,FT,Data Analyst,110000,USD,110000,US,100,US,M
2023,MI,FT,Data Analyst,90000,USD,90000,US,100,US,M
2023,SE,FT,Data Engineer,145000,USD,145000,US,0,US,M
2023,SE,FT,Data Engineer,115000,USD,115000,US,0,US,M
2023,MI,FT,Data Scientist,143000,USD,143000,US,100,US,M
2023,MI,FT,Data Scientist,117000,USD,117000,US,100,US,M
2023,SE,FT,Applied Scientist,216000,USD,216000,US,100,US,M
2023,SE,FT,Applied Scientist,184000,USD,184000,US,100,US,M
2023,SE,FT,Machine Learning Engineer,324000,USD,324000,US,0,US,M
2023,SE,FT,Machine Learning Engineer,159000,USD,159000,US,0,US,M
2023,SE,FT,Data Scientist,130000,USD,130000,US,100,US,M
2023,SE,FT,Data Scientist,110000,USD,110000,US,100,US,M
2023,MI,FT,Data Scientist,60000,GBP,73824,GB,0,GB,M
2023,MI,FT,Data Scientist,45000,GBP,55368,GB,0,GB,M
2023,SE,FT,Research Engineer,370000,USD,370000,US,0,US,M
2023,SE,FT,Research Engineer,200000,USD,200000,US,0,US,M
2023,SE,FT,Data Scientist,275300,USD,275300,US,100,US,M
2023,SE,FT,Data Scientist,183500,USD,183500,US,100,US,M
2023,SE,FT,Applied Scientist,230000,USD,230000,US,100,US,M
2023,SE,FT,Applied Scientist,196000,USD,196000,US,100,US,M
2023,SE,FT,Machine Learning Engineer,253000,USD,253000,US,100,US,M
2023,SE,FT,Machine Learning Engineer,172040,USD,172040,US,100,US,M
2023,SE,FT,Data Engineer,234000,USD,234000,US,100,US,M
2023,SE,FT,Data Engineer,178000,USD,178000,US,100,US,M
2023,SE,FT,Data Scientist,164000,USD,164000,US,100,US,M
2023,SE,FT,Data Scientist,130000,USD,130000,US,100,US,M
2023,MI,FT,Business Intelligence Specialist,109238,USD,109238,US,0,US,M
2023,MI,FT,Business Intelligence Specialist,68274,USD,68274,US,0,US,M
2023,MI,FT,Data Engineer,53000,EUR,57223,FR,100,FR,M
2023,MI,FT,Data Engineer,48000,EUR,51824,FR,100,FR,M
2023,EN,FT,Data Analyst,80800,USD,80800,US,0,US,M
2023,EN,FT,Data Analyst,53800,USD,53800,US,0,US,M
2023,SE,FT,Data Engineer,258900,USD,258900,US,100,US,M
2023,SE,FT,Data Engineer,176080,USD,176080,US,100,US,M
2023,MI,FT,Data Engineer,57500,GBP,70748,GB,0,GB,M
2023,MI,FT,Data Engineer,54500,GBP,67056,GB,0,GB,M
2023,MI,FT,Business Intelligence Analyst,120000,USD,120000,US,100,US,M
2023,MI,FT,Business Intelligence Analyst,110000,USD,110000,US,100,US,M
2023,SE,FT,Machine Learning Engineer,309000,USD,309000,US,0,US,M
2023,SE,FT,Machine Learning Engineer,142000,USD,142000,US,0,US,M
2023,SE,FT,Data Scientist,201650,USD,201650,US,0,US,M
2023,SE,FT,Data Scientist,124600,USD,124600,US,0,US,M
2023,MI,FT,Data Quality Analyst,65000,USD,65000,US,100,US,M
2023,MI,FT,Data Quality Analyst,60000,USD,60000,US,100,US,M
2023,SE,FT,Data Engineer,132100,USD,132100,US,0,US,M
2023,SE,FT,Data Engineer,68400,USD,68400,US,0,US,M
2023,SE,FT,Data Analyst,145000,USD,145000,US,0,US,M
2023,SE,FT,Data Analyst,110000,USD,110000,US,0,US,M
2023,SE,FT,Business Intelligence Engineer,160000,USD,160000,US,100,US,M
2023,SE,FT,Business Intelligence Engineer,140000,USD,140000,US,100,US,M
2023,MI,FT,Data Analyst,87500,USD,87500,US,100,US,M
2023,MI,FT,Data Analyst,62500,USD,62500,US,100,US,M
2023,SE,FT,Data Analyst,142000,USD,142000,US,0,US,M
2023,SE,FT,Data Analyst,128000,USD,128000,US,0,US,M
2023,SE,FT,Data Engineer,160000,USD,160000,US,0,US,M
2023,SE,FT,Data Engineer,130000,USD,130000,US,0,US,M
2023,SE,FT,Data Scientist,155000,USD,155000,US,0,US,M
2023,SE,FT,Data Scientist,139500,USD,139500,US,0,US,M
2023,SE,FT,Business Intelligence Engineer,202800,USD,202800,US,0,US,L
2023,SE,FT,Business Intelligence Engineer,104300,USD,104300,US,0,US,L
2023,SE,FT,Machine Learning Engineer,221000,USD,221000,US,0,US,M
2023,SE,FT,Machine Learning Engineer,129000,USD,129000,US,0,US,M
2023,SE,FT,Data Engineer,259000,USD,259000,US,0,US,M
2023,SE,FT,Data Engineer,138750,USD,138750,US,0,US,M
2023,SE,FT,Data Scientist,120000,USD,120000,US,0,US,M
2023,SE,FT,Data Scientist,100000,USD,100000,US,0,US,M
2023,SE,FT,Research Engineer,155000,USD,155000,US,0,US,M
2023,SE,FT,Research Engineer,130000,USD,130000,US,0,US,M
2023,SE,FT,Data Engineer,247300,USD,247300,US,0,US,M
2023,SE,FT,Data Engineer,139700,USD,139700,US,0,US,M
2023,SE,FT,Applied Scientist,215000,USD,215000,US,0,US,M
2023,SE,FT,Applied Scientist,182750,USD,182750,US,0,US,M
2023,SE,FT,Research Scientist,248100,USD,248100,US,0,US,M
2023,SE,FT,Research Scientist,145900,USD,145900,US,0,US,M
2023,SE,FT,Data Scientist,207000,USD,207000,US,100,US,M
2023,SE,FT,Data Scientist,141000,USD,141000,US,100,US,M
2023,MI,FT,Data Scientist,90000,USD,90000,US,0,US,M
2023,MI,FT,Data Scientist,55000,USD,55000,US,0,US,M
2023,SE,FT,Data Engineer,247300,USD,247300,US,0,US,M
2023,SE,FT,Data Engineer,139700,USD,139700,US,0,US,M
2023,EN,FT,Machine Learning Engineer,36000,USD,36000,UG,100,US,M
2023,MI,FT,Research Engineer,300000,USD,300000,US,0,US,M
2023,MI,FT,Research Engineer,100000,USD,100000,US,0,US,M
2023,MI,FT,Research Engineer,300000,USD,300000,US,0,US,M
2023,MI,FT,Research Engineer,100000,USD,100000,US,0,US,M
2023,MI,FT,Data Analyst,116700,USD,116700,US,0,US,M
2023,MI,FT,Data Analyst,93400,USD,93400,US,0,US,M
2023,EN,FT,Data Analyst,80000,USD,80000,US,0,US,M
2023,EN,FT,Data Analyst,50000,USD,50000,US,0,US,M
2023,MI,FT,Applied Scientist,179000,USD,179000,US,0,US,M
2023,MI,FT,Applied Scientist,176490,USD,176490,US,0,US,M
2023,SE,FT,Data Scientist,195000,USD,195000,US,0,US,M
2023,SE,FT,Data Scientist,143750,USD,143750,US,0,US,M
2023,MI,FT,Data Scientist,180000,USD,180000,US,0,US,M
2023,MI,FT,Data Scientist,162000,USD,162000,US,0,US,M
2023,SE,FT,Data Scientist,199000,USD,199000,US,0,US,M
2023,SE,FT,Data Scientist,196760,USD,196760,US,0,US,M
2023,SE,FT,Machine Learning Engineer,90000,USD,90000,CO,0,CO,M
2023,SE,FT,Machine Learning Engineer,70000,USD,70000,CO,0,CO,M
2023,SE,FT,ML Engineer,324000,USD,324000,US,0,US,M
2023,SE,FT,ML Engineer,159000,USD,159000,US,0,US,M
2023,SE,FT,Data Engineer,128000,USD,128000,US,0,US,M
2023,SE,FT,Data Engineer,81500,USD,81500,US,0,US,M
2023,SE,FT,Data Architect,306000,USD,306000,US,100,US,M
2023,SE,FT,Data Architect,204000,USD,204000,US,100,US,M
2023,SE,FT,Data Scientist,185900,USD,185900,US,0,US,M
2023,SE,FT,Data Scientist,129300,USD,129300,US,0,US,M
2023,SE,FT,Machine Learning Engineer,204500,USD,204500,US,0,US,M
2023,SE,FT,Machine Learning Engineer,142200,USD,142200,US,0,US,M
2023,MI,FT,Machine Learning Engineer,70000,EUR,75577,NL,0,NL,M
2023,EN,FT,Data Engineer,18000,USD,18000,IN,50,IN,M
2023,MI,FT,Data Analyst,300000,GBP,369120,GB,0,GB,M
2023,MI,FT,Data Analyst,50000,GBP,61520,GB,0,GB,M
2023,EX,FT,Head of Data,270000,USD,270000,US,100,US,M
2023,EX,FT,Head of Data,200000,USD,200000,US,100,US,M
2023,MI,FT,Data Scientist,204500,USD,204500,US,0,US,M
2023,MI,FT,Data Scientist,142200,USD,142200,US,0,US,M
2023,MI,FT,Data Analyst,75000,GBP,92280,GB,0,GB,M
2023,MI,FT,Data Analyst,55000,GBP,67672,GB,0,GB,M
2023,SE,FT,Data Engineer,188600,USD,188600,US,0,US,M
2023,SE,FT,Data Engineer,111550,USD,111550,US,0,US,M
2023,SE,FT,Machine Learning Engineer,230000,USD,230000,US,0,US,M
2023,SE,FT,Machine Learning Engineer,160000,USD,160000,US,0,US,M
2023,SE,FT,Data Engineer,247300,USD,247300,US,0,US,M
2023,SE,FT,Data Engineer,139700,USD,139700,US,0,US,M
2023,SE,FT,AI Engineer,360000,USD,360000,US,0,US,M
2023,SE,FT,AI Engineer,240000,USD,240000,US,0,US,M
2023,SE,FT,ETL Developer,129100,USD,129100,US,0,US,M
2023,SE,FT,ETL Developer,111400,USD,111400,US,0,US,M
2023,SE,FT,Data Analyst,135000,USD,135000,US,100,US,M
2023,SE,FT,Data Analyst,110000,USD,110000,US,100,US,M
2023,SE,FT,Machine Learning Engineer,214500,USD,214500,US,0,US,M
2023,SE,FT,Machine Learning Engineer,132600,USD,132600,US,0,US,M
2023,SE,FT,Data Analyst,120000,USD,120000,US,0,US,M
2023,SE,FT,Data Analyst,100000,USD,100000,US,0,US,M
2023,SE,FT,Machine Learning Engineer,242921,USD,242921,US,0,US,M
2022,EN,FT,Machine Learning Developer,40000,USD,40000,PK,100,AU,M
2022,SE,FT,Lead Data Scientist,4460000,INR,56723,IN,0,IN,L
2022,MI,FT,Data Engineer,120000,USD,120000,US,0,US,M
2022,MI,FT,Data Engineer,95000,USD,95000,US,0,US,M
2022,EN,FT,Data Engineer,160000,USD,160000,US,0,US,M
2022,EN,FT,Data Engineer,135000,USD,135000,US,0,US,M
2022,EN,FT,Data Science Consultant,23000,EUR,24165,IT,50,IT,M
2022,SE,FT,Data Engineer,216000,USD,216000,US,100,US,M
2022,SE,FT,Data Engineer,144000,USD,144000,US,100,US,M
2022,EN,FT,Data Engineer,85000,USD,85000,US,0,US,M
2022,EN,FT,Data Engineer,65000,USD,65000,US,0,US,M
2022,SE,FT,Data Analyst,149000,USD,149000,US,100,US,M
2022,SE,FT,Data Analyst,119000,USD,119000,US,100,US,M
2022,SE,FT,Data Scientist,140000,USD,140000,US,0,US,M
2022,SE,FT,Data Scientist,120000,USD,120000,US,0,US,M
2022,MI,FT,Data Scientist,150000,USD,150000,US,0,US,M
2022,MI,FT,Data Scientist,110000,USD,110000,US,0,US,M
2022,SE,FT,Machine Learning Engineer,246000,USD,246000,US,100,US,M
2022,SE,FT,Machine Learning Engineer,201000,USD,201000,US,100,US,M
2022,SE,FT,Data Scientist,190000,USD,190000,US,0,US,M
2022,SE,FT,Data Scientist,155000,USD,155000,US,0,US,M
2022,SE,FT,ML Engineer,235000,USD,235000,US,100,US,M
2022,SE,FT,ML Engineer,185000,USD,185000,US,100,US,M
2022,SE,FT,Cloud Database Engineer,190000,USD,190000,US,100,US,M
2022,SE,FT,Cloud Database Engineer,160000,USD,160000,US,100,US,M
2022,EN,FT,Product Data Analyst,100000,USD,100000,US,100,US,M
2022,MI,FT,Data Engineer,130000,USD,130000,US,0,US,M
2022,MI,FT,Data Engineer,115000,USD,115000,US,0,US,M
2022,MI,FT,Data Scientist,75000,GBP,92350,GB,0,GB,M
2022,MI,FT,Data Scientist,55000,GBP,67723,GB,0,GB,M
2022,MI,FT,Data Engineer,105000,USD,105000,US,0,US,M
2022,MI,FT,Data Engineer,70000,USD,70000,US,0,US,M
2022,SE,FT,Machine Learning Engineer,204500,USD,204500,US,0,US,M
2022,SE,FT,Machine Learning Engineer,142200,USD,142200,US,0,US,M
2022,SE,FT,Machine Learning Engineer,192000,USD,192000,US,100,US,M
2022,SE,FT,Machine Learning Engineer,164000,USD,164000,US,100,US,M
2022,SE,FT,Data Engineer,185900,USD,185900,US,0,US,M
2022,SE,FT,Data Engineer,129300,USD,129300,US,0,US,M
2022,SE,FT,Data Engineer,130000,USD,130000,US,0,US,M
2022,SE,FT,Data Engineer,75000,USD,75000,US,0,US,M
2022,SE,FT,Data Science Manager,175000,USD,175000,US,0,US,M
2022,SE,FT,Data Science Manager,120000,USD,120000,US,0,US,M
2022,SE,FT,Data Engineer,167500,USD,167500,US,0,US,M
2022,SE,FT,Data Engineer,106500,USD,106500,US,0,US,M
2022,MI,FT,Data Analyst,75000,USD,75000,US,100,US,M
2022,MI,FT,Data Analyst,60000,USD,60000,US,100,US,M
2022,SE,FT,Applied Scientist,184000,USD,184000,US,100,US,M
2022,SE,FT,Applied Scientist,142000,USD,142000,US,100,US,M
2022,MI,FT,Data Scientist,145000,USD,145000,US,0,US,M
2022,MI,FT,Data Scientist,100000,USD,100000,US,0,US,M
2022,MI,FT,Data Scientist,2500000,INR,31795,IN,100,US,M
2022,MI,FT,NLP Engineer,198000,PLN,44365,PL,100,PL,S
2022,SE,FT,Data Engineer,175000,USD,175000,US,0,US,M
2022,SE,FT,Data Engineer,120000,USD,120000,US,0,US,M
2022,SE,FT,Data Engineer,175000,USD,175000,US,0,US,M
2022,SE,FT,Data Engineer,120000,USD,120000,US,0,US,M
2022,EX,FT,Data Engineer,200000,USD,200000,US,0,US,M
2022,EX,FT,Data Engineer,145000,USD,145000,US,0,US,M
2022,MI,FT,Data Engineer,75000,GBP,92350,GB,100,GB,M
2022,MI,FT,Data Engineer,60000,GBP,73880,GB,100,GB,M
2022,SE,FT,Data Engineer,145000,USD,145000,US,0,US,M
2022,SE,FT,Data Engineer,100000,USD,100000,US,0,US,M
2022,SE,FT,Applied Scientist,192000,USD,192000,US,100,US,M
2022,SE,FT,Applied Scientist,164000,USD,164000,US,100,US,M
2022,EX,FT,Data Engineer,310000,USD,310000,US,100,US,M
2022,EX,FT,Data Engineer,239000,USD,239000,US,100,US,M
2022,SE,FT,Data Analyst,120000,USD,120000,US,0,US,M
2022,SE,FT,Data Analyst,95000,USD,95000,US,0,US,M
2022,SE,FT,Machine Learning Engineer,145000,USD,145000,US,0,US,M
2022,SE,FT,Machine Learning Engineer,135000,USD,135000,US,0,US,M
2022,SE,FT,Data Engineer,100000,USD,100000,US,0,US,M
2022,SE,FT,Data Engineer,78000,USD,78000,US,0,US,M
2022,SE,FT,Data Engineer,70000,EUR,73546,ES,0,ES,M
2022,SE,FT,Data Engineer,35000,EUR,36773,ES,0,ES,M
2022,MI,FT,Data Engineer,160000,USD,160000,US,100,US,M
2022,MI,FT,Data Engineer,120000,USD,120000,US,100,US,M
2022,SE,FT,Data Scientist,190000,USD,190000,US,0,US,M
2022,SE,FT,Data Scientist,150000,USD,150000,US,0,US,M
2022,MI,FT,Data Engineer,2800000,INR,35610,IN,50,IN,L
2022,SE,FT,AI Scientist,125000,USD,125000,CO,100,CO,L
2022,SE,FT,Data Engineer,120000,USD,120000,US,0,US,M
2022,SE,FT,Data Engineer,95000,USD,95000,US,0,US,M
2022,MI,FT,Data Analyst,150000,USD,150000,US,0,US,M
2022,MI,FT,Data Analyst,100000,USD,100000,US,0,US,M
2022,SE,FT,Data Scientist,45000,EUR,47280,ES,0,ES,M
2022,SE,FT,Data Scientist,36000,EUR,37824,ES,0,ES,M
2022,SE,FT,Data Analyst,115934,USD,115934,US,100,US,M
2022,SE,FT,Data Analyst,81666,USD,81666,US,100,US,M
2022,SE,FT,Data Scientist,175000,USD,175000,US,100,US,M
2022,SE,FT,Data Scientist,140000,USD,140000,US,100,US,M
2022,SE,FT,Data Engineer,120000,USD,120000,US,0,US,M
2022,SE,FT,Data Engineer,95000,USD,95000,US,0,US,M
2022,SE,FT,Research Engineer,249500,USD,249500,US,0,US,M
2022,SE,FT,Research Engineer,149850,USD,149850,US,0,US,M
2022,MI,FT,Analytics Engineer,122500,USD,122500,US,100,US,M
2022,MI,FT,Analytics Engineer,100000,USD,100000,US,100,US,M
2022,SE,FT,Data Scientist,249500,USD,249500,US,0,US,M
2022,SE,FT,Data Scientist,149850,USD,149850,US,0,US,M
2022,EN,FT,Data Analyst,55000,USD,55000,US,0,US,M
2022,EN,FT,Data Analyst,48000,USD,48000,US,0,US,M
2022,SE,FT,Research Scientist,249500,USD,249500,US,0,US,M
2022,SE,FT,Research Scientist,149850,USD,149850,US,0,US,M
2022,MI,FT,Computer Vision Engineer,56000,EUR,58837,FR,100,FR,S
2022,SE,FT,Data Engineer,190000,USD,190000,US,100,US,M
2022,SE,FT,Data Engineer,120000,USD,120000,US,100,US,M
2022,SE,FT,Data Analyst,127000,USD,127000,US,100,US,M
2022,SE,FT,Data Analyst,104000,USD,104000,US,100,US,M
2022,SE,FT,Data Scientist,210000,USD,210000,US,100,US,M
2022,SE,FT,Data Scientist,150000,USD,150000,US,100,US,M
2022,SE,FT,Machine Learning Engineer,210000,USD,210000,US,100,US,M
2022,SE,FT,Machine Learning Engineer,150000,USD,150000,US,100,US,M
2022,SE,FT,Data Engineer,210000,USD,210000,US,100,US,M
2022,SE,FT,Data Engineer,130000,USD,130000,US,100,US,M
2022,SE,FT,Data Scientist,182750,USD,182750,US,100,US,M
2022,SE,FT,Data Scientist,161500,USD,161500,US,100,US,M
2022,MI,FT,Data Analyst,102640,USD,102640,US,100,US,M
2022,MI,FT,Data Analyst,66100,USD,66100,US,100,US,M
2022,SE,FT,Research Scientist,210000,USD,210000,US,100,US,M
2022,SE,FT,Research Scientist,150000,USD,150000,US,100,US,M
2022,SE,FT,Data Engineer,198800,USD,198800,US,0,US,M
2022,SE,FT,Data Engineer,122600,USD,122600,US,0,US,M
2022,MI,FT,Data Engineer,130000,USD,130000,US,100,US,M
2022,MI,FT,Data Engineer,80000,USD,80000,US,100,US,M
2022,SE,FT,Data Scientist,136000,USD,136000,US,100,US,M
2022,SE,FT,Data Scientist,104000,USD,104000,US,100,US,M
2022,SE,FT,Data Analyst,150000,USD,150000,US,100,US,M
2022,SE,FT,Data Analyst,100000,USD,100000,US,100,US,M
2022,EN,FT,Data Engineer,160000,USD,160000,US,0,US,M
2022,EN,FT,Data Engineer,135000,USD,135000,US,0,US,M
2022,SE,FT,Data Engineer,216000,USD,216000,US,100,US,M
2022,SE,FT,Data Engineer,144000,USD,144000,US,100,US,M
2022,EX,FT,Data Scientist,159000,USD,159000,US,100,US,M
2022,EX,FT,Data Scientist,130000,USD,130000,US,100,US,M
2022,SE,FT,Data Analyst,115934,USD,115934,US,100,US,M
2022,SE,FT,Data Analyst,81666,USD,81666,US,100,US,M
2022,SE,FT,Data Engineer,215000,USD,215000,US,100,US,M
2022,SE,FT,Data Engineer,150000,USD,150000,US,100,US,M
2022,SE,FT,Machine Learning Engineer,246000,USD,246000,US,100,US,M
2022,SE,FT,Machine Learning Engineer,201000,USD,201000,US,100,US,M
2022,MI,FT,Data Engineer,187000,USD,187000,US,100,US,M
2022,MI,FT,Data Engineer,153000,USD,153000,US,100,US,M
2022,SE,FT,Machine Learning Engineer,255000,USD,255000,MX,100,MX,M
2022,SE,FT,Machine Learning Engineer,185000,USD,185000,MX,100,MX,M
2022,MI,FT,Data Analyst,350000,GBP,430967,GB,0,GB,M
2022,MI,FT,Data Analyst,45000,GBP,55410,GB,0,GB,M
2022,SE,FT,Data Analyst,48000,EUR,50432,ES,0,ES,M
2022,SE,FT,Data Analyst,38000,EUR,39925,ES,0,ES,M
2022,SE,FT,Data Analyst,169000,USD,169000,US,0,US,M
2022,SE,FT,Data Analyst,110600,USD,110600,US,0,US,M
2022,EN,FT,BI Data Analyst,58000,EUR,60938,DE,0,DE,L
2022,SE,FT,BI Developer,140000,USD,140000,US,100,US,M
2022,SE,FT,BI Developer,120000,USD,120000,US,100,US,M
2022,MI,FT,Data Analyst,75000,USD,75000,US,100,US,M
2022,MI,FT,Data Analyst,60000,USD,60000,US,100,US,M
2022,EN,FT,Data Analyst,50000,USD,50000,US,50,US,L
2022,MI,FT,MLOps Engineer,134000,USD,134000,US,100,US,M
2022,MI,FT,MLOps Engineer,124000,USD,124000,US,100,US,M
2022,SE,FT,Data Analyst,166700,USD,166700,US,0,US,M
2022,SE,FT,Data Analyst,119000,USD,119000,US,0,US,M
2022,EN,FT,Data Scientist,124234,USD,124234,US,0,US,M
2022,EN,FT,Data Scientist,74540,USD,74540,US,0,US,M
2022,MI,FT,Data Analyst,100000,USD,100000,US,100,US,M
2022,MI,FT,Data Analyst,65000,USD,65000,US,100,US,M
2021,MI,FT,Data Analyst,1250000,INR,16904,IN,50,IN,L
2021,SE,FT,Data Engineer,150000,USD,150000,US,0,US,L
2021,SE,FT,Data Science Manager,240000,USD,240000,US,0,US,L
2021,MI,FT,Data Analyst,135000,USD,135000,US,100,US,L
2021,EN,FT,Data Scientist,80000,USD,80000,US,100,US,M
2022,SE,FT,Applied Data Scientist,380000,USD,380000,US,100,US,L
2022,MI,FT,Data Scientist,115000,CHF,120402,CH,0,CH,L
2022,SE,FT,Applied Data Scientist,177000,USD,177000,US,100,US,L
2022,MI,FT,Data Engineer,62000,EUR,65141,FR,100,FR,M
2022,MI,FT,Data Scientist,48000,USD,48000,RU,100,US,S
2022,EN,FT,Data Analytics Engineer,20000,USD,20000,PK,0,PK,M
2021,SE,FT,Principal Data Scientist,220000,USD,220000,US,0,US,L
2021,MI,FT,ML Engineer,8500000,JPY,77364,JP,50,JP,S
2021,MI,FT,ML Engineer,7000000,JPY,63711,JP,50,JP,S
2022,EN,FT,Computer Vision Software Engineer,150000,USD,150000,AU,100,AU,S
2021,MI,FT,Data Analyst,90000,USD,90000,US,100,US,M
2022,MI,FL,Data Scientist,100000,USD,100000,CA,100,US,M
2021,EN,FT,Data Scientist,100000,USD,100000,US,0,US,S
2022,EN,PT,Data Scientist,100000,USD,100000,DZ,50,DZ,M
2022,SE,FT,Research Scientist,144000,USD,144000,US,50,US,L
2022,SE,FT,Principal Data Scientist,148000,EUR,155499,DE,100,DE,M
2021,SE,FT,Computer Vision Engineer,24000,USD,24000,BR,100,BR,M
2021,MI,FT,Applied Machine Learning Scientist,38400,USD,38400,VN,100,US,M
2022,EN,FT,Financial Data Analyst,100000,USD,100000,US,50,US,L
2021,MI,FT,Data Scientist,82500,USD,82500,US,100,US,S
2021,EN,FT,Data Scientist,42000,EUR,49646,FR,50,FR,M
2021,SE,FT,Lead Data Scientist,3000000,INR,40570,IN,50,IN,L
2022,EN,FT,Data Engineer,120000,USD,120000,US,100,US,M
2022,SE,FT,Lead Machine Learning Engineer,80000,EUR,84053,DE,0,DE,M
2021,EN,FT,Machine Learning Engineer,20000,USD,20000,IN,100,IN,S
2022,EN,FT,Computer Vision Engineer,125000,USD,125000,US,0,US,M
2021,SE,FT,Machine Learning Scientist,120000,USD,120000,US,50,US,S
2021,EN,FT,Applied Data Scientist,80000,GBP,110037,GB,0,GB,L
2022,EN,FT,ML Engineer,20000,EUR,21013,PT,100,PT,L
2021,EN,FT,Data Analyst,50000,USD,50000,US,100,US,M
2021,SE,FT,Principal Data Engineer,200000,USD,200000,US,100,US,M
2021,MI,FT,Big Data Engineer,60000,USD,60000,ES,50,RO,M
2021,MI,FT,Data Engineer,200000,USD,200000,US,100,US,L
2021,EN,FT,Machine Learning Developer,100000,USD,100000,IQ,50,IQ,S
2021,MI,FT,Data Engineer,100000,USD,100000,US,100,US,L
2021,SE,FT,Machine Learning Engineer,70000,EUR,82744,BE,50,BE,M
2020,MI,FT,Data Engineer,51999,EUR,59303,DE,100,DE,S
2021,MI,FT,Research Scientist,53000,EUR,62649,FR,50,FR,M
2021,MI,FT,Data Engineer,60000,GBP,82528,GB,100,GB,L
2021,MI,FT,Data Architect,170000,USD,170000,US,100,US,L
2021,MI,FT,Data Architect,150000,USD,150000,US,100,US,L
2021,EN,FT,BI Data Analyst,55000,USD,55000,US,50,US,S
2021,EX,FT,Director of Data Science,250000,USD,250000,US,0,US,L
2021,EN,FT,Data Engineer,80000,USD,80000,US,100,US,L
2020,EN,FT,Big Data Engineer,70000,USD,70000,US,100,US,L
2021,EX,FT,Director of Data Science,110000,EUR,130026,DE,50,DE,M
2021,EN,FT,Data Science Consultant,54000,EUR,63831,DE,50,DE,L
2020,SE,FT,Data Scientist,60000,EUR,68428,GR,100,US,L
2021,EX,FT,Head of Data Science,85000,USD,85000,RU,0,RU,M
2021,EX,FT,Head of Data,230000,USD,230000,RU,50,RU,L
2021,EN,FT,Machine Learning Engineer,125000,USD,125000,US,100,US,S
2021,SE,FT,Data Analytics Manager,120000,USD,120000,US,100,US,M
2020,MI,FT,Research Scientist,450000,USD,450000,US,0,US,M
2020,MI,FT,Data Analyst,41000,EUR,46759,FR,50,FR,L
2020,MI,FT,Data Engineer,65000,EUR,74130,AT,50,AT,L
2021,SE,FT,Data Science Engineer,159500,CAD,127221,CA,50,CA,L
2021,SE,FT,Data Science Manager,144000,USD,144000,US,100,US,L
2021,MI,FT,Data Scientist,95000,CAD,75774,CA,100,CA,L
2021,MI,FT,Data Scientist,150000,USD,150000,US,100,US,M
2020,MI,FT,Data Science Consultant,103000,USD,103000,US,100,US,L
2021,SE,FT,Data Engineer,153000,USD,153000,US,100,US,L
2021,MI,FT,Data Engineer,90000,USD,90000,US,100,US,L
2021,EN,FT,Data Analyst,90000,USD,90000,US,100,US,S
2021,EN,FT,Data Analyst,60000,USD,60000,US,100,US,S
2021,MI,FT,Data Scientist,50000,USD,50000,NG,100,NG,L
2021,MI,CT,ML Engineer,270000,USD,270000,US,100,US,L
2021,MI,FT,Applied Data Scientist,68000,CAD,54238,GB,50,CA,L
2021,MI,FT,Machine Learning Engineer,40000,EUR,47282,ES,100,ES,S
2021,EX,FT,Director of Data Science,130000,EUR,153667,IT,100,PL,L
2021,MI,FT,Data Engineer,110000,PLN,28476,PL,100,PL,L
2021,MI,FT,Data Analytics Engineer,110000,USD,110000,US,100,US,L
2021,EN,FT,Research Scientist,60000,GBP,82528,GB,50,GB,L
2020,EN,FT,Machine Learning Engineer,250000,USD,250000,US,50,US,L
2021,EN,FT,Data Analyst,50000,EUR,59102,FR,50,FR,M
2021,SE,FT,Data Analyst,80000,USD,80000,BG,100,US,S
2020,EN,FT,Machine Learning Engineer,138000,USD,138000,US,100,US,S
2021,MI,FT,Data Engineer,140000,USD,140000,US,100,US,L
2021,SE,FT,Data Analytics Engineer,67000,EUR,79197,DE,100,DE,L
2021,SE,FT,Lead Data Analyst,170000,USD,170000,US,100,US,L
2021,EN,FT,Data Analyst,80000,USD,80000,US,100,US,M
2020,MI,FT,Data Scientist,45760,USD,45760,PH,100,US,S
2021,MI,FT,BI Data Analyst,100000,USD,100000,US,100,US,M
2021,SE,FT,Data Scientist,45000,EUR,53192,FR,50,FR,L
2021,EX,FT,Head of Data,235000,USD,235000,US,100,US,L
2021,EX,FT,BI Data Analyst,150000,USD,150000,IN,100,US,L
2020,EX,FT,Data Engineer,70000,EUR,79833,ES,50,ES,L
2021,EN,FT,Machine Learning Scientist,225000,USD,225000,US,100,US,L
2021,EN,FT,Data Science Consultant,65000,EUR,76833,DE,100,DE,S
2020,MI,FT,Machine Learning Infrastructure Engineer,44000,EUR,50180,PT,0,PT,M
2021,SE,FT,Marketing Data Analyst,75000,EUR,88654,GR,100,DK,L
2021,SE,FT,Lead Data Engineer,75000,GBP,103160,GB,100,GB,S
2021,SE,FT,Data Engineer,82500,GBP,113476,GB,100,GB,M
2021,SE,FT,Machine Learning Engineer,80000,EUR,94564,DE,50,DE,L
2021,EN,FT,Data Engineer,2250000,INR,30428,IN,100,IN,L
2021,SE,FT,Data Engineer,150000,USD,150000,US,100,US,M
2021,SE,FT,Data Engineer,115000,USD,115000,US,100,US,S
2021,MI,FT,Research Scientist,235000,CAD,187442,CA,100,CA,L
2021,MI,FT,Data Analyst,37456,GBP,51519,GB,50,GB,L
2020,MI,FT,Data Engineer,106000,USD,106000,US,100,US,L
2020,MI,FT,Data Engineer,88000,GBP,112872,GB,50,GB,L
2021,MI,FT,BI Data Analyst,11000000,HUF,36259,HU,50,US,L
2021,SE,FT,Data Engineer,150000,USD,150000,US,100,US,L
2020,EN,PT,ML Engineer,14000,EUR,15966,DE,100,DE,S
2021,MI,FT,Computer Vision Software Engineer,81000,EUR,95746,DE,100,US,S
2021,EN,FT,Computer Vision Software Engineer,70000,USD,70000,US,100,US,M
2020,MI,FT,Data Scientist,60000,GBP,76958,GB,100,GB,S
2021,MI,FT,Cloud Data Engineer,120000,SGD,89294,SG,50,SG,L
2021,EN,FT,Data Scientist,2200000,INR,29751,IN,50,IN,L
2021,SE,FT,Lead Data Engineer,276000,USD,276000,US,0,US,L
2020,SE,FT,Data Engineer,188000,USD,188000,US,100,US,L
2021,SE,FT,Cloud Data Engineer,160000,USD,160000,BR,100,US,S
2020,MI,FT,Data Scientist,105000,USD,105000,US,100,US,L
2021,MI,FT,Data Engineer,200000,USD,200000,US,100,US,L
2021,SE,FT,Data Engineer,174000,USD,174000,US,100,US,L
2021,MI,FT,Data Analyst,93000,USD,93000,US,100,US,L
2021,EN,FT,Data Scientist,2100000,INR,28399,IN,100,IN,M
2021,SE,FT,Research Scientist,51400,EUR,60757,PT,50,PT,L
2021,EN,FT,Data Scientist,90000,USD,90000,US,100,US,S
2020,MI,FT,Data Engineer,61500,EUR,70139,FR,50,FR,L
2020,SE,FT,Data Engineer,720000,MXN,33511,MX,0,MX,S
2021,SE,FT,Principal Data Analyst,170000,USD,170000,US,100,US,M
2021,SE,FT,Data Engineer,70000,GBP,96282,GB,50,GB,L
2021,EN,FT,Data Scientist,31000,EUR,36643,FR,50,FR,L
2021,MI,FT,Data Engineer,52500,GBP,72212,GB,50,GB,L
2020,EN,FT,Data Analyst,91000,USD,91000,US,100,US,L
2021,SE,FT,Big Data Architect,125000,CAD,99703,CA,50,CA,M
2021,SE,FT,Data Scientist,165000,USD,165000,US,100,US,L
2021,MI,FT,Data Analyst,80000,USD,80000,US,100,US,L
2021,SE,FT,Data Scientist,130000,CAD,103691,CA,100,CA,L
2021,EN,FT,Data Engineer,1600000,INR,21637,IN,50,IN,M
2020,EN,FT,Research Scientist,42000,USD,42000,NL,50,NL,L
2020,MI,FT,Lead Data Scientist,115000,USD,115000,AE,0,AE,L
2021,MI,FT,Research Scientist,80000,CAD,63810,CA,100,CA,M
2020,SE,FT,Machine Learning Scientist,260000,USD,260000,JP,0,JP,S
2021,MI,FT,Head of Data Science,110000,USD,110000,US,0,US,S
2021,MI,FT,Data Architect,180000,USD,180000,US,100,US,L
2021,SE,FT,Data Analyst,200000,USD,200000,US,100,US,L
2020,SE,FT,Big Data Engineer,85000,GBP,109024,GB,50,GB,M
2021,SE,FT,Data Engineer,200000,USD,200000,US,100,US,L
2021,SE,FT,ML Engineer,256000,USD,256000,US,100,US,S
2021,MI,FT,Data Engineer,110000,USD,110000,US,100,US,L
2020,MI,FT,Data Scientist,70000,EUR,79833,DE,0,DE,L
2021,EN,FT,Data Engineer,72500,USD,72500,US,100,US,L
2021,SE,FT,Machine Learning Engineer,185000,USD,185000,US,50,US,L
2021,MI,PT,Data Engineer,59000,EUR,69741,NL,100,NL,L
2021,EN,FT,Research Scientist,100000,USD,100000,JE,0,CN,L
2021,MI,FT,Data Engineer,112000,USD,112000,US,100,US,L
2020,SE,FT,Machine Learning Engineer,150000,USD,150000,US,50,US,L
2021,SE,FT,Data Scientist,180000,TRY,20171,TR,50,TR,L
2021,SE,FT,AI Scientist,55000,USD,55000,ES,100,ES,L
2021,EN,FT,Data Scientist,58000,USD,58000,US,50,US,L
2021,EN,FT,Data Scientist,100000,USD,100000,US,100,US,M
2021,SE,FT,Data Scientist,65720,EUR,77684,FR,50,FR,M
2021,EN,FT,Machine Learning Engineer,85000,USD,85000,NL,100,DE,S
2021,EN,FT,Data Science Consultant,65000,EUR,76833,DE,0,DE,L
2021,SE,CT,Staff Data Scientist,105000,USD,105000,US,100,US,M
2020,EN,FT,Data Analyst,72000,USD,72000,US,100,US,L
2021,EN,FT,Data Engineer,55000,EUR,65013,DE,50,DE,M
2021,MI,FT,Data Engineer,250000,TRY,28016,TR,100,TR,M
2021,MI,FT,Data Engineer,111775,USD,111775,US,0,US,M
2021,MI,FT,Data Engineer,93150,USD,93150,US,0,US,M
2021,SE,FT,Lead Data Engineer,160000,USD,160000,PR,50,US,S
2021,MI,FT,Data Scientist,21600,EUR,25532,RS,100,DE,S
2021,SE,FT,Machine Learning Engineer,4900000,INR,66265,IN,0,IN,L
2021,MI,FT,Data Scientist,1250000,INR,16904,IN,100,IN,S
2021,SE,FT,Data Analyst,54000,EUR,63831,DE,50,DE,L
2020,SE,FT,Lead Data Scientist,190000,USD,190000,US,100,US,S
2021,EX,FT,Director of Data Science,120000,EUR,141846,DE,0,DE,L
2021,EN,FT,Big Data Engineer,1200000,INR,16228,IN,100,IN,L
2021,SE,FT,Data Analyst,90000,CAD,71786,CA,100,CA,M
2020,MI,FT,Data Scientist,11000000,HUF,35735,HU,50,HU,L
2021,SE,FT,Data Scientist,135000,USD,135000,US,0,US,L
2021,EN,FT,Machine Learning Engineer,21000,EUR,24823,DE,50,DE,M
2021,SE,FT,Data Science Manager,4000000,INR,54094,IN,50,US,L
2021,SE,FT,Machine Learning Engineer,1799997,INR,24342,IN,100,IN,L
2021,MI,FT,Data Scientist,147000,USD,147000,US,50,US,L
2021,SE,FT,Research Scientist,120500,CAD,96113,CA,50,CA,L
2021,SE,FT,Data Science Manager,174000,USD,174000,US,100,US,L
2020,MI,FT,Business Data Analyst,135000,USD,135000,US,100,US,L
2021,EN,FT,Machine Learning Engineer,21844,USD,21844,CO,50,CO,M
2020,SE,FT,Lead Data Engineer,125000,USD,125000,NZ,50,NZ,S
2020,EN,FT,Data Scientist,45000,EUR,51321,FR,0,FR,S
2020,MI,FT,Data Scientist,3000000,INR,40481,IN,0,IN,L
2021,EX,FT,Data Science Consultant,59000,EUR,69741,FR,100,ES,S
2021,SE,FT,Data Analytics Engineer,50000,USD,50000,VN,100,GB,M
2020,EN,FT,Data Scientist,35000,EUR,39916,FR,0,FR,M
2020,MI,FT,Lead Data Analyst,87000,USD,87000,US,100,US,L
2021,MI,FT,Data Engineer,22000,EUR,26005,RO,0,US,L
2021,MI,FT,Data Scientist,76760,EUR,90734,DE,50,DE,L
2021,MI,FT,Big Data Engineer,1672000,INR,22611,IN,0,IN,L
2021,EN,FT,Machine Learning Engineer,81000,USD,81000,US,50,US,S
2021,MI,FT,Data Scientist,30400000,CLP,40038,CL,100,CL,L
2021,EN,FT,Data Science Consultant,90000,USD,90000,US,100,US,S
2021,MI,FT,Data Scientist,52000,EUR,61467,DE,50,AT,M
2021,SE,FT,Machine Learning Infrastructure Engineer,195000,USD,195000,US,100,US,M
2021,MI,FT,Data Scientist,32000,EUR,37825,ES,100,ES,L
2020,MI,FT,Data Analyst,85000,USD,85000,US,100,US,L
2021,EX,CT,Principal Data Scientist,416000,USD,416000,US,100,US,S
2021,SE,FT,Machine Learning Scientist,225000,USD,225000,US,100,CA,L
2021,MI,FT,Data Scientist,40900,GBP,56256,GB,50,GB,L
2021,MI,FT,Data Scientist,2500000,INR,33808,IN,0,IN,M
2021,MI,FT,Data Scientist,85000,GBP,116914,GB,50,GB,L
2021,MI,FT,Machine Learning Engineer,180000,PLN,46597,PL,100,PL,L
2020,EN,FT,Data Engineer,4450000,JPY,41689,JP,100,JP,S
2020,SE,FT,Big Data Engineer,100000,EUR,114047,PL,100,GB,S
2021,MI,FT,Machine Learning Engineer,75000,EUR,88654,BE,100,BE,M
2020,MI,FT,Lead Data Engineer,56000,USD,56000,PT,100,US,M
2021,EN,PT,Computer Vision Engineer,180000,DKK,28609,DK,50,DK,S
2021,MI,FT,Data Scientist,75000,EUR,88654,DE,50,DE,L
2020,SE,FT,Data Engineer,42000,EUR,47899,GR,50,GR,L
2020,MI,FT,BI Data Analyst,98000,USD,98000,US,0,US,M
2021,MI,FT,Data Engineer,48000,GBP,66022,HK,50,GB,S
2021,MI,FT,Research Scientist,48000,EUR,56738,FR,50,FR,S
2021,MI,FT,Machine Learning Engineer,21000,EUR,24823,SI,50,SI,L
2021,SE,FT,Data Analytics Manager,120000,USD,120000,US,0,US,L
2021,MI,FL,Data Engineer,20000,USD,20000,IT,0,US,L
2020,EX,FT,Director of Data Science,325000,USD,325000,US,100,US,L
2021,SE,FT,Machine Learning Engineer,200000,USD,200000,US,100,US,L
2020,EN,FT,AI Scientist,300000,DKK,45896,DK,50,DK,S
2021,MI,FT,Data Scientist,160000,USD,160000,US,100,US,L
2021,SE,FT,Research Scientist,50000,USD,50000,FR,100,US,S
2021,MI,FT,Data Science Engineer,34000,EUR,40189,GR,100,GR,M
2021,SE,FT,Data Engineer,165000,USD,165000,US,0,US,M
2020,MI,FT,Data Scientist,37000,EUR,42197,FR,50,FR,S
2021,SE,FT,Principal Data Engineer,185000,USD,185000,US,100,US,L
2020,EN,FT,Data Scientist,55000,EUR,62726,DE,50,DE,S
2021,MI,FT,Data Scientist,76760,EUR,90734,DE,50,DE,L
2020,EN,PT,Data Scientist,19000,EUR,21669,IT,50,IT,S
2020,MI,FT,Data Engineer,110000,USD,110000,US,100,US,L
2021,SE,FT,Data Analytics Manager,140000,USD,140000,US,100,US,L
2020,SE,FT,Data Scientist,120000,USD,120000,US,50,US,L
2021,SE,FT,Data Scientist,110000,CAD,87738,CA,100,CA,S
2021,SE,FT,Finance Data Analyst,45000,GBP,61896,GB,50,GB,L
2021,SE,FT,Data Engineer,65000,EUR,76833,RO,50,GB,S
2021,MI,FT,Machine Learning Engineer,74000,USD,74000,JP,50,JP,S
2021,SE,FT,Data Science Manager,152000,USD,152000,US,100,FR,L
2021,MI,FT,Big Data Engineer,18000,USD,18000,MD,0,MD,S
2020,SE,FL,Computer Vision Engineer,60000,USD,60000,RU,100,US,S
2021,MI,FT,Data Scientist,130000,USD,130000,US,50,US,L
2021,SE,FT,Computer Vision Engineer,102000,BRL,18907,BR,0,BR,M
2021,EN,FT,Business Data Analyst,50000,EUR,59102,LU,100,LU,L
2021,SE,FT,Principal Data Scientist,147000,EUR,173762,DE,100,DE,M
2020,SE,FT,Principal Data Scientist,130000,EUR,148261,DE,100,DE,M
2020,MI,FT,Data Scientist,34000,EUR,38776,ES,100,ES,M
2021,MI,FT,Data Scientist,39600,EUR,46809,ES,100,ES,M
2021,EN,FT,AI Scientist,1335000,INR,18053,IN,100,AS,S
2020,SE,FT,Data Scientist,80000,EUR,91237,AT,0,AT,S
2020,MI,FT,Data Scientist,55000,EUR,62726,FR,50,LU,S
2021,MI,FT,Data Scientist,115000,USD,115000,US,50,US,L
2021,SE,FT,Principal Data Scientist,235000,USD,235000,US,100,US,L
2021,MI,FT,Lead Data Analyst,1450000,INR,19609,IN,100,IN,L
2021,MI,FT,Data Analyst,75000,USD,75000,US,0,US,L
2021,MI,FT,Data Analyst,62000,USD,62000,US,0,US,L
2021,MI,FT,Data Scientist,73000,USD,73000,US,0,US,L
2021,MI,FT,Data Engineer,38400,EUR,45391,NL,100,NL,L
2020,SE,FT,Data Science Manager,190200,USD,190200,US,100,US,M
2020,MI,FT,Data Scientist,118000,USD,118000,US,100,US,M
2020,MI,FT,Data Scientist,138350,USD,138350,US,100,US,M
2020,MI,FT,Data Engineer,130800,USD,130800,ES,100,US,M
2020,SE,FT,Machine Learning Engineer,40000,EUR,45618,HR,100,HR,S
2021,SE,FT,Director of Data Science,168000,USD,168000,JP,0,JP,S
2021,MI,FT,Data Scientist,160000,SGD,119059,SG,100,IL,M
2021,MI,FT,Applied Machine Learning Scientist,423000,USD,423000,US,50,US,L
2021,MI,FT,Data Engineer,24000,EUR,28369,MT,50,MT,L
2021,SE,FT,Data Specialist,165000,USD,165000,US,100,US,L
2020,SE,FT,Data Scientist,412000,USD,412000,US,100,US,L
2021,MI,FT,Principal Data Scientist,151000,USD,151000,US,100,US,L
2020,EN,FT,Data Scientist,105000,USD,105000,US,100,US,S
2020,EN,CT,Business Data Analyst,100000,USD,100000,US,100,US,L
2021,SE,FT,Data Science Manager,7000000,INR,94665,IN,50,IN,L
